CustomerID,actual_churn,predicted_churn,churn_probability,prediction_correct
54007,0,0,0.15904204042405123,True
51970,0,0,0.09354524505975002,True
54236,0,0,0.127241545936653,True
50106,0,0,0.09288371466274352,True
52296,0,0,0.3262388546950816,True
54394,0,0,0.08835644970355112,True
52952,0,0,0.24561531784594753,True
53404,0,0,0.13337245672252473,True
53586,0,0,0.26789897061907453,True
50468,0,0,0.0921949358035314,True
52479,0,0,0.17364161745861104,True
52126,1,1,0.853488700584942,True
53002,0,0,0.1521869172708672,True
54605,0,0,0.15195024349599437,True
53095,0,0,0.1548610366879724,True
51609,0,0,0.190714735758633,True
51159,0,0,0.30723596624318045,True
50800,0,0,0.4037217982184499,True
50151,0,0,0.17509809053428974,True
54778,0,0,0.11700241050456504,True
51630,0,1,0.6850703241856005,False
50675,0,0,0.09505617648041108,True
50959,1,1,0.6815900499430129,True
52580,0,0,0.15496855865059755,True
50670,0,0,0.08082519924808466,True
50877,0,0,0.1697638305963682,True
52335,0,0,0.43019547344028103,True
55421,0,0,0.26751460155600354,True
54549,0,0,0.10668531815879684,True
54498,0,0,0.20872212541361995,True
55284,0,0,0.17115902601916577,True
54860,0,0,0.027397296035582358,True
55217,1,1,0.6920558226032792,True
50837,0,0,0.3377255244892994,True
55029,0,0,0.26501181850810374,True
55523,0,0,0.10871108092936256,True
54757,0,0,0.18531113335934027,True
53500,0,0,0.20920098728073783,True
50895,0,0,0.2088785917415337,True
50833,0,0,0.32035988645611335,True
53081,0,0,0.06538569306383427,True
54378,1,1,0.6811152162933523,True
53302,0,0,0.1840427590708959,True
50157,0,0,0.14680917084482178,True
50726,0,0,0.32538537750000457,True
51842,0,1,0.7088582260776974,False
54041,0,0,0.4298356610173787,True
53816,0,0,0.13420400271406505,True
53340,0,0,0.053933918078014426,True
52260,0,0,0.08925808153476283,True
51258,0,0,0.495677269496627,True
53172,0,0,0.25703908550001725,True
55067,0,0,0.2630300280281322,True
50933,1,1,0.9060935640816988,True
53810,0,0,0.2138123324038289,True
52827,1,0,0.47698361747376333,False
52562,0,0,0.15361542599894917,True
53161,0,1,0.5190850779005867,False
54336,0,0,0.18289561073586738,True
50438,1,1,0.8550990067962183,True
52750,0,0,0.10177970004341726,True
53538,0,0,0.1312971914685893,True
52670,0,0,0.16847261954609216,True
52826,1,0,0.25095678207117006,False
55583,0,1,0.5214279861804255,False
50251,0,0,0.2423531228029468,True
54238,0,0,0.2579858125428042,True
51055,0,0,0.12408879804136953,True
54695,0,0,0.0252144879935866,True
50809,0,0,0.44191461361818773,True
51216,0,0,0.17281369469385022,True
52009,1,1,0.7341191706223129,True
52489,0,0,0.12906305747424252,True
51514,0,0,0.16619429088565987,True
54497,1,1,0.8110312417812108,True
51759,0,0,0.13481556867804362,True
52611,0,0,0.09935641329179024,True
53655,0,0,0.24163798322824948,True
52339,0,1,0.629387224174126,False
50355,1,1,0.8814849337765428,True
52594,0,1,0.5480776959264874,False
50014,1,1,0.8751957424438759,True
53099,0,0,0.025914816574674333,True
51074,0,0,0.20378026083825965,True
55151,0,0,0.2817407973157614,True
51348,1,1,0.831839031003567,True
53707,1,1,0.8115116139904391,True
54433,0,0,0.18604843891622153,True
55362,1,1,0.8354912624137569,True
50606,0,0,0.26628120536995104,True
52639,0,0,0.1785902654969904,True
50579,0,0,0.26449433712739656,True
52353,1,1,0.8273177474428879,True
50768,1,1,0.7893210944634937,True
53570,0,0,0.04927538284207485,True
54930,0,1,0.5073278086315212,False
53569,0,0,0.11539685930277259,True
54317,0,0,0.06099322307735099,True
52550,1,1,0.5891978012811208,True
52457,1,0,0.2572815057553215,False
51597,0,0,0.2067513158615273,True
54203,1,1,0.7130896932031737,True
50984,0,0,0.286118433613465,True
51966,0,0,0.3321061899775362,True
54899,0,0,0.14415095347728046,True
55260,0,0,0.18523411825034675,True
53241,0,1,0.5824500454971625,False
52032,0,0,0.2799599402721714,True
53821,0,0,0.10593521823812725,True
52572,0,0,0.19786426612535568,True
51072,0,0,0.49820269975388676,True
50954,0,0,0.08081146587742882,True
52513,1,1,0.8461369553096554,True
53666,1,1,0.5849930927771242,True
54147,0,0,0.15348132873182826,True
53273,0,0,0.07335855036554553,True
51021,0,0,0.23075814319393803,True
54101,0,0,0.1422411856872469,True
53277,0,1,0.7508680267662675,False
50298,1,1,0.803389506662097,True
51405,0,0,0.06468254543057443,True
50103,0,0,0.2612384564475103,True
52209,0,0,0.16130664542204382,True
53571,0,0,0.2423218579209581,True
50866,0,0,0.22161263606959203,True
51168,0,0,0.13975395708361674,True
51101,0,0,0.09683333591450208,True
51965,0,0,0.09429218118516124,True
51473,1,1,0.8399775075368123,True
54811,0,0,0.08628995853181698,True
51358,0,0,0.1768277857552384,True
55280,0,0,0.21289072592469505,True
51103,0,0,0.11933234890975276,True
53600,0,1,0.7304824342801522,False
53556,0,0,0.26014819721591914,True
51214,1,1,0.7060750333342799,True
52835,1,0,0.43968492083367666,False
53348,0,0,0.2207195317557181,True
54966,0,0,0.1176568556017848,True
54384,0,0,0.2590959924067113,True
54893,1,1,0.6902141678788642,True
53932,0,0,0.29644674462276177,True
51213,0,0,0.4903776954697073,True
55001,0,0,0.24129757955762696,True
53744,0,0,0.03768163424721706,True
55083,0,0,0.10743549033064713,True
50112,1,1,0.7376067695258931,True
50320,0,0,0.14787583288964262,True
50655,1,1,0.5754500845873884,True
53705,0,0,0.22834061452026003,True
53305,1,1,0.8241474878017162,True
54973,0,0,0.19141918964542398,True
54077,0,1,0.6326679531729805,False
55389,0,0,0.1438984359382012,True
54720,0,0,0.35629808322778556,True
53293,0,0,0.30417125716629156,True
54880,0,0,0.12581330721012096,True
52368,0,0,0.18785688802870223,True
52159,1,0,0.48600549831062717,False
55268,0,0,0.16096271030551382,True
55499,1,1,0.6973516376313964,True
51328,1,0,0.26960937474291624,False
53761,0,0,0.24661097627066828,True
53502,0,0,0.34944303982210057,True
54322,0,1,0.6263592892910969,False
50174,0,0,0.34283498643076094,True
52184,1,1,0.5885293660006056,True
50983,0,0,0.15007600632187956,True
51480,0,1,0.6415119775837236,False
55332,1,1,0.6143017751117021,True
54315,0,0,0.3109721450870651,True
51582,1,1,0.6878625943146152,True
51418,0,0,0.3952529620048316,True
55189,0,0,0.28776843411204955,True
54718,0,0,0.2108791243902365,True
52347,0,0,0.1708976244327576,True
50580,0,0,0.28462848672070445,True
50679,0,0,0.28353957257821677,True
53751,1,1,0.917603985463547,True
52617,1,1,0.8457724039621454,True
53889,0,0,0.14591574229070198,True
50808,1,1,0.8939544913373895,True
54934,0,0,0.2644994972405167,True
51802,0,0,0.2427675338159171,True
51776,0,0,0.2288037656719291,True
51215,1,1,0.9162122639314599,True
52266,0,0,0.08208231915320495,True
50516,0,1,0.5495952322227207,False
53072,0,0,0.42616531598644586,True
51399,0,0,0.28322889093962744,True
50623,0,0,0.32573168371508304,True
51933,0,0,0.05536381265048225,True
53031,0,0,0.112505884669237,True
51803,1,1,0.8720792260860297,True
52511,0,0,0.14605490954449266,True
52174,1,1,0.578052604660133,True
52591,0,0,0.33462916616495997,True
50285,0,0,0.11251192687652672,True
51199,0,0,0.40711194151166624,True
53696,0,0,0.2786671722870217,True
55244,1,1,0.5197338604053384,True
54128,0,0,0.16568089594493984,True
50214,0,0,0.14478132517247105,True
54637,0,1,0.7232257389591018,False
52116,0,0,0.15544640071917346,True
51282,0,0,0.09573087095508857,True
53553,0,0,0.29677461769403674,True
53318,0,0,0.05171761593109004,True
55229,1,1,0.864194294755025,True
53093,0,0,0.260393449182479,True
52906,0,0,0.2894095216629628,True
51637,0,0,0.08198419781407676,True
55350,0,0,0.12059282056159575,True
54982,0,0,0.10455120890267963,True
50093,1,0,0.3868437429863796,False
55116,0,0,0.047043336602348315,True
55434,1,1,0.8858109121047748,True
52401,0,0,0.23663101206715992,True
54790,0,0,0.19599230176640275,True
52214,0,1,0.5389921228805549,False
52396,0,0,0.08992812904321724,True
53035,0,0,0.19048505459465054,True
50634,0,0,0.08726254960008556,True
53038,0,0,0.219688448423516,True
53782,0,0,0.1487947858956999,True
53316,0,0,0.3739867377936878,True
52450,0,0,0.3514365943208881,True
53805,0,0,0.2824326803646193,True
55090,0,0,0.40338059167663404,True
50786,0,0,0.39704825771713265,True
52001,0,1,0.5985408063634889,False
53304,0,0,0.15663243389278603,True
50744,0,1,0.5670916987732478,False
54425,1,1,0.7550539949913161,True
50261,1,1,0.7386771043795847,True
51672,0,0,0.19727999215531228,True
55473,1,1,0.7334083305791084,True
50155,0,0,0.04774687472093527,True
54677,0,0,0.41964268801974464,True
51079,0,0,0.0690604788175892,True
51981,0,0,0.20217521362337895,True
54319,0,0,0.18276129765453789,True
54904,0,0,0.04648203531802552,True
55456,0,0,0.3233907240912891,True
51845,0,0,0.10606736367821458,True
54927,0,0,0.10740402544364333,True
51723,0,0,0.1842769082928393,True
55094,0,0,0.3465819447600239,True
53955,0,0,0.06564649797347498,True
51510,0,1,0.8775805572294483,False
54756,1,0,0.3907082713348078,False
50402,0,0,0.07301623718134218,True
50114,0,0,0.20319150146941545,True
55462,0,0,0.06960286693011905,True
51048,0,0,0.28519609659422207,True
51043,1,1,0.8541562208004748,True
51157,1,1,0.806091931065971,True
54092,0,0,0.08282882959750255,True
51519,0,0,0.15183188959107574,True
52501,0,0,0.07656096713302575,True
55009,0,0,0.15956330900226537,True
54021,0,0,0.13781186075132829,True
54104,0,1,0.7906495084502422,False
55061,0,0,0.12362879184523445,True
52605,0,0,0.08202122587437001,True
52069,0,0,0.15474656163224831,True
50265,0,0,0.2811844076018248,True
54157,0,0,0.1761781992977847,True
55420,0,0,0.12001029742543666,True
52647,0,0,0.046561818118110485,True
51173,1,1,0.5850630313413127,True
54538,0,0,0.14356279251876936,True
54803,0,0,0.1858727850891994,True
51590,0,0,0.10273462503642788,True
53918,0,0,0.1445435788533852,True
50792,0,0,0.18507108838622394,True
54986,0,0,0.17951608598875113,True
52745,0,0,0.11422995329586405,True
52228,0,0,0.22417146250692127,True
51544,0,0,0.12393384882821498,True
52474,0,0,0.1311140315912964,True
55520,0,0,0.18346394767389287,True
50218,0,0,0.2598533231833653,True
50888,1,1,0.7016179615219396,True
50318,0,0,0.3181025215711965,True
53426,0,0,0.0727419845501027,True
53908,0,0,0.4185058830029073,True
53697,1,1,0.7346469597237093,True
50332,0,1,0.777879432075883,False
54075,0,0,0.31102885966636235,True
52181,0,0,0.22773231341536068,True
50011,1,0,0.2944237642009616,False
51581,0,0,0.18225503325856654,True
50326,0,0,0.3934774888128159,True
51805,0,0,0.12508014244865823,True
53415,0,1,0.5824729750904318,False
53487,1,1,0.7828395481048084,True
53835,0,0,0.3241994070753947,True
52789,0,0,0.0834250958948079,True
51699,0,0,0.10955807175910748,True
52307,0,0,0.3377255244892994,True
53601,0,1,0.5106355144157291,False
53399,0,0,0.22997890212402722,True
53521,0,0,0.268708594673863,True
55272,1,0,0.274451649279403,False
54969,0,0,0.19678969506500163,True
54257,0,0,0.4370790793992929,True
51066,0,0,0.08521214237584925,True
53961,0,0,0.3051808238110333,True
53395,0,0,0.30529590727852723,True
51316,0,0,0.11528143849331618,True
55177,1,1,0.8115116139904391,True
50308,0,0,0.19082274534909335,True
51984,0,1,0.6605112748183098,False
51897,0,0,0.09619478439780708,True
51219,0,0,0.43509448834848574,True
54180,0,0,0.28842637249179714,True
52440,0,0,0.21115606224977823,True
52149,0,0,0.2959234579701738,True
55431,0,0,0.29922815310385537,True
52483,0,1,0.8455419917458074,False
52646,0,0,0.10243898613142685,True
54940,1,1,0.5289488415896262,True
51528,1,1,0.5770604196419383,True
53475,0,0,0.2067657244193005,True
51398,0,0,0.2369606061779163,True
52192,0,0,0.1780502428468336,True
52949,0,0,0.1131783105107731,True
50422,0,0,0.4497382240418348,True
51773,0,0,0.13072027214669144,True
53532,0,1,0.7209314937354698,False
54512,0,0,0.15412358669578746,True
51831,0,0,0.21774246655648546,True
50421,0,0,0.2024745654119447,True
50199,1,1,0.8767040228660629,True
54547,0,0,0.17830934749036265,True
51363,0,1,0.7611239424994889,False
51310,0,0,0.22228587552018841,True
50886,0,0,0.03163619833125766,True
52490,0,0,0.2743386639293883,True
52225,0,0,0.07011964465649423,True
54901,0,0,0.1353562541300795,True
51896,0,1,0.634860183134985,False
53619,1,0,0.27640055427209576,False
54054,0,0,0.19810297377938066,True
54202,0,1,0.6384885974761217,False
50584,0,0,0.20780962818023155,True
51548,0,1,0.5860925228696334,False
53995,0,0,0.14220622388099222,True
51260,0,0,0.2562878289448564,True
51565,0,0,0.035140829145326104,True
55161,0,0,0.11889758154711881,True
53165,0,1,0.7609045773036204,False
54957,1,1,0.755281350607475,True
53250,0,0,0.37935071955915356,True
53678,0,0,0.09004605655459808,True
54873,0,0,0.15635426003229708,True
55316,0,0,0.08631474951547286,True
54385,0,0,0.15138285652090522,True
53140,0,0,0.13414697940926543,True
50030,0,0,0.24605679624773624,True
54080,0,0,0.1850635384103367,True
54192,0,0,0.09756063258763956,True
55104,0,0,0.16248279620028483,True
53355,0,0,0.11078576240005482,True
51016,0,0,0.1237528299630056,True
51256,0,0,0.1697480871016574,True
53112,1,1,0.7126760922433258,True
55103,0,0,0.22398318272865375,True
50263,0,0,0.11220442766689813,True
55390,0,0,0.12027036773063163,True
51388,1,1,0.5673220075167146,True
50821,0,0,0.15979230416118692,True
50473,0,0,0.12880955984669332,True
50485,0,0,0.10838359494073237,True
51318,1,1,0.8439824493510045,True
51437,0,0,0.25364610857035275,True
51242,0,0,0.227811438834997,True
50324,0,0,0.08322170884595063,True
50256,0,1,0.661829388880426,False
50669,0,0,0.25741477761544984,True
55338,0,0,0.08708344266549707,True
54801,0,0,0.4104975687532324,True
55239,0,0,0.08472481701159104,True
55615,0,0,0.18135655622868604,True
53252,0,0,0.07377419764693693,True
54775,1,1,0.7615911988443679,True
54329,0,0,0.22337335968013364,True
51574,0,0,0.2472414518532369,True
52720,0,0,0.061613159919993506,True
52413,0,0,0.176428413263095,True
50013,1,1,0.8829144989251176,True
53859,0,1,0.7551853309789266,False
52030,0,0,0.2528725718250584,True
54750,1,1,0.8303331383661409,True
51393,0,0,0.3077833074051707,True
53371,0,0,0.14181867213202934,True
50602,0,0,0.14789127882448067,True
51757,0,0,0.039030886467471236,True
55403,0,0,0.2694775934732141,True
54709,0,0,0.1847965223139803,True
50576,1,1,0.5110693255517905,True
53445,0,0,0.19572974379695965,True
53485,0,0,0.12209164923121746,True
54288,1,1,0.9525488747824962,True
53138,0,0,0.2560221308350962,True
51389,0,1,0.7598535155265758,False
51990,0,0,0.45395415382427595,True
50502,0,0,0.12334691083771288,True
50815,1,1,0.620589932906961,True
55290,0,0,0.15664000574087214,True
51543,0,0,0.0723045192182524,True
54914,0,0,0.25050966706751404,True
50381,0,1,0.784582726573142,False
55555,0,0,0.20461511347632577,True
55519,0,0,0.19330194401438952,True
53101,0,0,0.15130312533897586,True
51475,0,0,0.07850387382547455,True
52094,1,1,0.8950044972627954,True
53676,1,1,0.7567556104176021,True
51293,0,0,0.14864616808891581,True
53335,0,0,0.44040815347285645,True
54625,0,0,0.1731747132618294,True
53092,0,0,0.0865414588239536,True
54392,0,0,0.11219689702366589,True
55022,0,0,0.21188032790839628,True
51649,0,0,0.17769551096084046,True
50936,1,1,0.9264691012576943,True
53256,0,1,0.5999040191030645,False
52977,1,1,0.6024120914866735,True
52239,0,0,0.11368190282316425,True
52676,0,0,0.1506426210721509,True
52120,0,0,0.055116453237920096,True
53449,0,0,0.0987258691295048,True
55176,0,0,0.20684385497577534,True
50301,0,0,0.08350925849544737,True
51951,0,0,0.08705477530318567,True
51058,0,0,0.07882611011964057,True
51176,0,0,0.10578081612549481,True
51904,0,0,0.09626125692155059,True
52493,0,0,0.11822916948803704,True
53968,0,0,0.23871425091577378,True
51924,0,0,0.17648202781983519,True
55347,1,1,0.8716662507839088,True
50159,0,0,0.06128988880066252,True
52203,1,1,0.5212705276134545,True
54500,0,0,0.48282972641114397,True
51968,0,0,0.13600058051218236,True
53329,0,1,0.566260215044098,False
50176,0,0,0.140110468648921,True
53716,0,1,0.5586051606414558,False
51971,0,0,0.3874404297208118,True
53310,0,0,0.0949885757492963,True
53381,0,0,0.25559204602653063,True
54787,0,0,0.15625362494296607,True
53580,0,1,0.8300482791514312,False
53645,0,0,0.18224948198363375,True
54126,0,0,0.28734905459104587,True
52045,0,0,0.01908518826862702,True
51843,0,0,0.16023815478641093,True
53317,0,0,0.18770189311988494,True
51516,0,1,0.8355877365098212,False
52797,0,0,0.11710161630709734,True
51768,1,1,0.7624858756996151,True
50766,0,0,0.07230917556167019,True
54683,0,0,0.17904746585978093,True
50702,0,0,0.24283239447243646,True
53442,0,0,0.10264148741699958,True
54160,0,0,0.0788191048162338,True
54078,0,0,0.13709460934458734,True
54485,0,0,0.12354723829170419,True
54382,0,0,0.2032037591962509,True
53377,0,0,0.26890238038781183,True
53574,0,0,0.1087240163252754,True
54948,0,0,0.05578970102674354,True
51743,0,1,0.6828038167575283,False
54248,0,0,0.0866147933274507,True
51890,0,0,0.2314128486432769,True
55339,0,1,0.625517924394904,False
55577,0,0,0.08843783392674269,True
52031,0,1,0.6215312016897746,False
52343,1,1,0.9120273548545162,True
52621,0,0,0.12347754810069256,True
51014,0,0,0.13887312560100218,True
54984,0,0,0.20631845329138923,True
54783,0,0,0.16263892775519778,True
55087,0,0,0.29353828155407874,True
50339,1,1,0.9285787438852181,True
52305,0,0,0.1119662994285054,True
51644,0,0,0.34860183481793927,True
51512,0,0,0.17527753539829877,True
50898,0,0,0.1722651381259306,True
54291,0,0,0.12471336017559365,True
54796,0,0,0.2055731759911873,True
52416,0,0,0.3948463304938554,True
54628,0,0,0.27183172061972055,True
55245,0,0,0.28054475737996687,True
53749,1,1,0.8530750349582924,True
52498,0,1,0.505651746505943,False
50612,0,0,0.17294829893811708,True
51312,0,1,0.8653347071813545,False
52349,0,1,0.6818842830244904,False
55018,1,0,0.4854874938995021,False
52581,0,0,0.22409135500909158,True
53451,0,0,0.09290440300542356,True
53229,0,0,0.11458431308004276,True
53259,1,0,0.32405006456399654,False
53473,0,0,0.2037234256737422,True
52243,0,0,0.08528005119900302,True
53969,0,0,0.3762420790841103,True
54156,0,0,0.0919560555414582,True
52995,0,0,0.18543397246947962,True
54649,0,0,0.06228685556741073,True
55463,0,0,0.16752093315166777,True
55625,0,1,0.713580939543698,False
55139,0,0,0.17713121010991087,True
50286,0,0,0.12552856060588533,True
53517,0,0,0.13691162994700826,True
54400,1,1,0.813765103260923,True
54618,1,1,0.9578101379341526,True
53306,0,1,0.6140207021438774,False
54073,0,0,0.47000506318374563,True
51583,0,0,0.17582089064542977,True
53508,0,0,0.1502265490033903,True
51847,0,0,0.34780858770012585,True
53363,0,0,0.25176881884371216,True
54127,0,1,0.8381396686220991,False
51299,0,1,0.5518581335715034,False
53433,0,0,0.17573622344743142,True
50725,1,0,0.34748549168354137,False
51095,0,0,0.20179307257604961,True
54048,0,0,0.16642179257590115,True
53254,0,1,0.5520475766043588,False
54759,1,1,0.6822060130924709,True
52844,0,0,0.10594918553762421,True
50335,0,0,0.12508014244865823,True
50994,0,0,0.390949502290742,True
51534,0,0,0.08607211723575452,True
53196,0,1,0.7759514145542376,False
55154,0,1,0.5904808296547405,False
51858,0,0,0.4621096076732375,True
55409,0,1,0.5457204950219774,False
51479,0,0,0.3313399726238616,True
52728,0,0,0.49693041706916574,True
51238,0,0,0.10120211670345954,True
50078,0,1,0.5860925228696334,False
54832,0,0,0.26651878299538334,True
52123,1,1,0.6897246471951698,True
51728,1,1,0.8000454883679801,True
54493,0,0,0.054881229973452364,True
52240,0,0,0.023099967667779074,True
55612,0,0,0.13507961413460523,True
54427,0,0,0.1478881355803225,True
50287,0,0,0.03832848270940744,True
50756,0,0,0.24225287900293246,True
50180,0,0,0.15885693955555066,True
55182,1,1,0.747612059224565,True
55578,0,0,0.16860801469984016,True
51130,0,0,0.09335164019162225,True
55124,0,0,0.1653006285727791,True
52920,1,1,0.8484731771653518,True
51296,0,0,0.23704085162780633,True
52468,0,0,0.44672035581982167,True
52449,0,0,0.20331706708745007,True
55147,0,0,0.20324647035935958,True
52877,0,0,0.12001828580556603,True
55491,0,0,0.21036081522434352,True
54879,0,0,0.14075454152575176,True
54680,0,0,0.1316275115810064,True
50142,0,0,0.1441344212016285,True
54710,0,0,0.11072284454382342,True
55241,0,0,0.1383891516259976,True
52145,0,0,0.09813908712869783,True
50448,0,0,0.23114151134616084,True
50162,1,1,0.6963233469613123,True
50444,1,0,0.29551156893747516,False
50163,0,0,0.10435121337789706,True
50942,0,0,0.2318168464019673,True
51401,0,0,0.35066982170099587,True
50101,0,0,0.40182928650360017,True
50403,0,0,0.17291066765436391,True
50118,0,0,0.12129264015420362,True
51797,0,0,0.20389549595373654,True
54240,0,0,0.11809692108031845,True
52533,0,0,0.06918679649226857,True
55180,0,0,0.258169312720951,True
53126,1,1,0.7981972788590176,True
54852,0,0,0.4691002270052725,True
50817,0,0,0.10691309860496856,True
51616,0,0,0.07683301609140522,True
53622,0,0,0.265449468003147,True
51302,0,0,0.3828244150277258,True
54890,0,0,0.2914245078499238,True
53983,0,0,0.16029072321549237,True
55107,1,1,0.6975625677471475,True
53495,0,0,0.061834490843710184,True
55122,0,0,0.2064043918849026,True
50905,0,0,0.09774049126088719,True
52369,0,0,0.4551482813837653,True
53941,0,0,0.37968697513934296,True
53993,0,0,0.1761081519241436,True
54817,1,1,0.8296967775965812,True
52390,0,0,0.10231774971657354,True
52317,0,0,0.07560973577928728,True
54770,0,0,0.11800102942637059,True
53474,0,0,0.11855538313681262,True
53947,0,0,0.15249114872549285,True
53436,0,0,0.13748929098333343,True
52721,1,1,0.8719872950249856,True
52630,0,0,0.1939302931787889,True
50827,0,0,0.21404172571709912,True
50536,1,1,0.5893560779625197,True
52000,0,0,0.12976949461598747,True
54746,1,1,0.7758299048870289,True
51190,0,0,0.10522029002062042,True
52565,0,0,0.18402604641470077,True
52235,0,1,0.5107000710831769,False
54885,0,1,0.5794143187645134,False
50258,1,1,0.8000454883679801,True
55540,1,1,0.8240792094503722,True
50765,0,1,0.5461698353331665,False
52864,0,0,0.1715883618484445,True
54342,0,0,0.21461890468831402,True
52732,0,1,0.7076603755329267,False
54100,0,0,0.14781876077453093,True
53610,0,0,0.08053072472456048,True
54981,0,0,0.1881999569109839,True
54804,0,0,0.09386063346853701,True
54972,0,0,0.34944303982210057,True
52558,0,0,0.15904357992793786,True
50446,0,0,0.06177303948247734,True
53592,0,0,0.3701727014960203,True
54806,1,1,0.8462331110095601,True
53267,0,0,0.19353641919286332,True
55143,0,0,0.13340004966331434,True
50058,1,1,0.5770604196419383,True
53162,0,0,0.15673150303710084,True
53217,0,0,0.09872135593845283,True
54365,1,1,0.5378887824673934,True
50134,0,0,0.2595257346535388,True
52017,0,1,0.5634367795210747,False
52644,1,0,0.21849034829541014,False
51476,0,0,0.1261237247979726,True
50357,0,0,0.3217639722154524,True
54894,0,0,0.3243834929930348,True
50607,1,1,0.9043765522633416,True
50260,0,0,0.3047898072875991,True
55563,0,1,0.549793933526678,False
52223,0,0,0.11305247480860531,True
54871,0,0,0.3217173903631459,True
53509,0,0,0.2162498885121597,True
54990,1,1,0.8623493294680792,True
51624,0,0,0.40163291663505424,True
51194,0,0,0.18657864996975046,True
52800,0,0,0.20210081579688757,True
54962,1,1,0.5682079131546894,True
55622,1,1,0.5653421098352202,True
52756,0,0,0.11168579370637303,True
53289,1,1,0.6771740716231299,True
50799,0,0,0.1697631306327417,True
54263,1,1,0.8649279945465628,True
52208,0,1,0.5605258615461732,False
53808,0,0,0.14072158213912922,True
51603,0,0,0.0970947067602958,True
50758,0,0,0.22161569802973108,True
55235,0,0,0.25517682482075454,True
52098,1,1,0.7443726190723455,True
52060,0,0,0.09254239588547909,True
53528,0,0,0.13640105565711044,True
50773,0,0,0.08528005119900302,True
51861,0,0,0.49501027192225583,True
52079,0,0,0.3717007246186032,True
52391,0,0,0.18051768568595863,True
51045,0,1,0.625871203019546,False
54898,0,0,0.0964014310370182,True
50698,0,0,0.13652188292523304,True
54631,0,0,0.48158620776320116,True
50244,1,1,0.5398488902189125,True
50064,0,0,0.10819163936170517,True
54430,0,0,0.1355680586782638,True
50179,0,0,0.2081482119237158,True
51292,0,0,0.0912251102455649,True
53135,0,0,0.15293324252636536,True
51909,0,1,0.5344866804014479,False
54182,1,1,0.7825699721275466,True
53432,0,0,0.19747486154564126,True
51517,1,1,0.899119576669699,True
50206,0,0,0.12460339454138385,True
55271,1,1,0.8532163417515385,True
50247,0,0,0.3022924764838102,True
50718,1,1,0.8462127990219315,True
52748,0,1,0.6528517628717408,False
51932,0,1,0.7417359027769508,False
55200,1,1,0.6392404273526033,True
55541,0,0,0.15046506306417945,True
50166,0,0,0.2093038008273414,True
52364,0,0,0.07523078557142082,True
53511,0,0,0.18422975589889284,True
52599,0,0,0.21898672217553464,True
55202,0,0,0.2904641143019958,True
54953,1,1,0.695028395161093,True
51552,0,1,0.7054436046490479,False
54277,0,0,0.17924815001156158,True
55273,1,0,0.2272108817591886,False
55110,0,0,0.062491373509311866,True
52092,0,0,0.11590664001168427,True
53311,0,0,0.2741853848451857,True
53629,0,0,0.10102336234706817,True
50701,0,0,0.21909081415646103,True
50649,0,0,0.21918221465076992,True
53849,0,0,0.09046839981380092,True
55507,0,0,0.09528184506257852,True
52582,1,1,0.8802166629694416,True
54232,0,0,0.17228703797402684,True
50080,1,1,0.7346451974150018,True
52423,1,1,0.8639919069537353,True
50297,1,1,0.7608526000148358,True
52963,0,0,0.20210307251742088,True
54589,0,0,0.10376822616021668,True
53005,0,0,0.23711945750905838,True
50835,0,0,0.1119662994285054,True
50182,0,0,0.18656733009058057,True
50988,1,0,0.45678059880958793,False
55068,0,0,0.1795633832075951,True
51068,0,0,0.30178991984600045,True
53561,0,0,0.32113378475689935,True
50056,0,0,0.4723432897482568,True
54808,0,0,0.20671209413555455,True
53016,0,0,0.25556195718284286,True
50750,0,0,0.16604454304172658,True
52576,0,1,0.6028667009060384,False
51005,0,0,0.13150044192258967,True
53669,0,0,0.15361827025804703,True
54250,1,0,0.40776984858507814,False
53009,0,1,0.8537280349073106,False
55451,1,1,0.6777782579230611,True
51651,0,0,0.1386491121864246,True
55306,0,0,0.1412406559739551,True
52698,0,0,0.07005282011082213,True
50292,0,1,0.673745558311121,False
53719,0,0,0.29353011965224146,True
51136,0,0,0.22934721793862992,True
54284,0,0,0.1132363049538763,True
53780,0,0,0.06305839500170668,True
55413,0,0,0.2363878830906226,True
50627,0,0,0.08538496830924652,True
52584,0,1,0.669572667017377,False
51894,0,0,0.1363528837328242,True
52504,0,0,0.08241318825081359,True
51550,1,1,0.6891410426934458,True
51592,0,0,0.1253505488446542,True
52569,1,0,0.48090539218456635,False
52334,0,0,0.09491737982681489,True
53738,0,0,0.17323888974272442,True
55274,0,0,0.19419383857597844,True
53497,0,0,0.08730385203142572,True
55387,0,0,0.2546861720093444,True
51279,0,0,0.24645064856338883,True
52381,0,0,0.29771539351601084,True
50753,0,0,0.11645884426602032,True
52290,0,0,0.38226462740677386,True
53804,0,0,0.19133231328045774,True
52865,0,0,0.14877644959723935,True
52538,0,0,0.3016300897049487,True
54215,0,1,0.7142703730662214,False
51521,0,0,0.2516317568162247,True
54913,1,1,0.6965832429914108,True
51857,0,0,0.10161943148817748,True
53584,0,0,0.1143263531422027,True
53307,0,0,0.09485284650864909,True
54918,0,0,0.129814480238276,True
54335,0,0,0.14877644959723935,True
52764,0,0,0.10181133187849487,True
52281,0,0,0.09767474619940703,True
50931,0,0,0.23663101206715992,True
54870,1,1,0.8745173104618251,True
50719,0,0,0.40565005882482924,True
52968,0,0,0.13037298637874734,True
50960,0,0,0.3392919766395927,True
51612,0,0,0.1435590895136874,True
54158,0,0,0.4689040728599507,True
52128,0,0,0.11836561191459193,True
53406,0,0,0.1750154886197836,True
52512,0,0,0.09881462561002331,True
50553,0,0,0.12013280383758537,True
52992,0,1,0.8058062223311551,False
52900,0,0,0.20464768323772475,True
52420,0,0,0.31703590220453987,True
54293,1,1,0.8029019186309782,True
53778,0,0,0.4142230483145146,True
54939,0,0,0.1768334365788198,True
52677,0,0,0.06364433387159309,True
50488,0,1,0.6027094715309292,False
54964,0,0,0.21857938205833652,True
54739,0,0,0.1870884152032942,True
54369,0,0,0.15182728618712413,True
55082,0,1,0.5294063541475276,False
52397,0,0,0.18379032554420405,True
51844,0,1,0.5801122615544666,False
54026,0,0,0.11005478111738569,True
50569,1,1,0.8715334690553562,True
51339,0,0,0.17381028329848175,True
50774,0,0,0.11524459493933426,True
55132,0,0,0.04141914423439439,True
55447,0,0,0.11865464276989825,True
52456,1,1,0.7388614419995398,True
55481,0,0,0.14922493258926142,True
54298,0,0,0.1730359013271537,True
54508,0,0,0.2188030835073186,True
52586,0,0,0.07936119405091137,True
50213,0,0,0.20948590576803558,True
51407,0,0,0.11499859219030074,True
50187,0,0,0.13067727233325369,True
50510,0,1,0.7083181799035614,False
52692,0,0,0.051943790787868156,True
52484,0,0,0.13222998211624012,True
53300,0,0,0.13548779575915426,True
55623,0,0,0.1869123956912113,True
51295,0,0,0.1398151754220926,True
52575,0,0,0.10945381187574053,True
52230,0,0,0.18359828964375569,True
53121,0,0,0.22090005529923093,True
52766,0,0,0.2354846326553036,True
53286,1,0,0.37312458595661807,False
52241,0,0,0.1928903356682525,True
53367,0,0,0.1352608266374774,True
52465,0,0,0.18364609549784328,True
55314,1,1,0.8673098995487903,True
50619,0,0,0.030238348255522393,True
50474,1,1,0.7692813564502738,True
54098,0,1,0.5766902645121013,False
52776,0,0,0.17885127055668334,True
54744,0,0,0.24214338098444407,True
51094,0,0,0.3037044115942083,True
53425,0,1,0.6157264714645097,False
52077,1,1,0.9031481064814711,True
55063,0,0,0.4914078725937449,True
54372,0,0,0.2510580694009587,True
53008,1,0,0.2293547643926769,False
54652,0,0,0.12618927588495557,True
51298,0,0,0.48562470125261337,True
52871,0,0,0.4419945437468633,True
54642,0,0,0.26534546355301564,True
54563,0,0,0.260393449182479,True
51133,1,1,0.8433084246403009,True
55047,0,0,0.38553109387682466,True
53359,0,0,0.2267085414303889,True
55398,1,1,0.8215100565481653,True
53992,0,0,0.15056481663215668,True
53278,0,0,0.06389337813588933,True
52898,0,0,0.13829458204149225,True
52973,0,0,0.18202780005547636,True
50196,0,1,0.749494935838199,False
53836,0,0,0.1412406559739551,True
51811,0,0,0.1633531923065539,True
53714,0,0,0.12786181444564476,True
51730,0,0,0.29265443943986474,True
53840,0,1,0.6094863501103714,False
54040,0,1,0.8048474777039948,False
52015,1,1,0.6591137687995524,True
54630,1,1,0.6482546196165478,True
53397,1,1,0.7359657456155384,True
52890,0,0,0.11821258545673236,True
50267,0,0,0.12193236767513783,True
52741,1,1,0.7705827430722151,True
53590,0,0,0.06578600484277865,True
50887,0,0,0.4012894033365884,True
52418,0,0,0.151380564260906,True
52348,0,0,0.247539965308858,True
50853,0,1,0.5200099205764311,False
53505,0,0,0.10407690105868057,True
51123,0,0,0.13324316967947814,True
54206,1,0,0.20559447874160994,False
53319,0,0,0.22347598867444524,True
55031,0,0,0.26614194140613867,True
54910,1,0,0.3161741518660588,False
50901,0,1,0.6732639527750088,False
54455,0,0,0.394771059178334,True
51570,0,0,0.11473353342545253,True
50826,0,0,0.3093219385442789,True
52408,0,0,0.22554524423563382,True
53910,0,0,0.216564094667505,True
54535,0,0,0.2222882390977437,True
50008,1,1,0.5791071512430553,True
51658,0,0,0.3488316244602537,True
50949,0,0,0.4400283844209001,True
54532,0,0,0.2588124515354938,True
53349,0,0,0.3629070072787626,True
54018,0,0,0.07345585134484917,True
54848,0,0,0.19275571194939745,True
54276,0,0,0.30211894659053573,True
53086,0,0,0.11681458796073407,True
50032,0,1,0.7216754605494096,False
52213,0,0,0.03167816401724844,True
50881,0,0,0.22450236635527915,True
53265,0,0,0.10134097664734848,True
51706,0,0,0.04180155991369977,True
50697,0,0,0.1085972377867138,True
53933,0,0,0.22708460911895942,True
54866,0,0,0.23291908453552587,True
54595,0,0,0.1727059306448763,True
50918,0,0,0.16906037000006952,True
52383,0,0,0.2225410752453947,True
53384,1,1,0.7950993036207605,True
51169,0,0,0.19414827060058445,True
52788,1,1,0.8565511075755038,True
52244,0,0,0.11480694130439523,True
55531,0,0,0.1288555391797591,True
50186,0,0,0.23207098599263493,True
50861,1,1,0.8180320289828907,True
55407,1,1,0.6449251772685094,True
52444,0,0,0.14936715738743817,True
53704,0,0,0.2391361672454613,True
54393,0,0,0.15837155694837116,True
52476,0,0,0.08705337594091202,True
53639,0,0,0.34685661371353943,True
53784,0,0,0.24225012677288013,True
53698,1,1,0.7818887135291098,True
52052,1,1,0.6971186354330452,True
51394,0,0,0.3110416578983241,True
55036,0,0,0.17118270364672228,True
55331,0,1,0.556020507280135,False
53720,0,0,0.09210144575627453,True
51278,0,1,0.6304564548660593,False
53299,1,0,0.3435074556417465,False
52023,0,0,0.11177906649374376,True
50140,1,1,0.8028635866989445,True
54223,0,0,0.17863233799367673,True
54454,1,1,0.7740408861289615,True
54480,0,0,0.2475180977821699,True
50970,0,0,0.13609753099199723,True
50420,0,0,0.2868448508634036,True
52654,0,0,0.1493030178292134,True
51012,1,1,0.900228616774977,True
51673,1,0,0.4581068528446127,False
54023,1,1,0.945279101858456,True
55084,0,0,0.14498203428699383,True
54994,0,1,0.5331979983816574,False
52770,0,0,0.08002162460362364,True
51171,0,0,0.3273710573167795,True
54190,0,0,0.15342370336198893,True
54507,0,0,0.22482459244242825,True
51386,0,0,0.496466768279099,True
53276,1,1,0.8049532288633408,True
51686,0,0,0.07890952022636609,True
54571,0,0,0.15130312533897586,True
52602,0,0,0.15246630344556275,True
52867,0,0,0.15816579083258606,True
50036,0,1,0.5418217105964751,False
50192,0,0,0.16403417336701076,True
53842,0,0,0.30168278908698654,True
51309,0,1,0.5959712444398724,False
54499,0,0,0.19804388198417647,True
51598,0,0,0.24585061503594496,True
51411,0,0,0.03658696381573066,True
51783,0,0,0.2765503586435484,True
50484,1,0,0.32379216061309635,False
51249,0,0,0.19114686203690467,True
50940,0,0,0.2538612473689274,True
54171,0,0,0.14925481914094849,True
51346,1,0,0.47132549239018673,False
52661,0,0,0.19591658995250083,True
50944,1,1,0.8685202828312505,True
53029,0,0,0.19485745751992456,True
50582,1,1,0.6971186354330452,True
51655,0,0,0.3171891712191965,True
53527,1,1,0.7097255655712796,True
54469,0,0,0.09517655213734917,True
55052,0,0,0.10980470646909207,True
52170,0,0,0.18337855379201634,True
55046,0,0,0.4754122199556181,True
53777,0,0,0.10629001513484208,True
50636,0,0,0.0752188728161442,True
52074,0,0,0.09335976942120613,True
50454,0,0,0.17491510988189074,True
52679,1,0,0.3412280446308458,False
55396,0,0,0.1939530375478201,True
55450,0,0,0.2131152728307372,True
54043,0,0,0.06922952356723663,True
53765,0,0,0.2579121924671248,True
55264,0,0,0.20937488242094615,True
53974,0,0,0.14483985238238248,True
50844,0,0,0.19006659289675765,True
55222,0,1,0.7693110453019061,False
52199,0,1,0.7437470459657279,False
50651,0,0,0.2329410216251294,True
55436,0,0,0.05856867103013167,True
51677,0,1,0.6007761964906466,False
55184,0,0,0.11073857686491256,True
55165,0,1,0.5723170673058473,False
50590,0,0,0.09689962847283312,True
53631,1,0,0.33851280209102386,False
52026,0,0,0.2980605417125916,True
51049,0,0,0.17796393792147247,True
52283,0,0,0.24289807139683547,True
54722,0,0,0.06925671878722253,True
53104,0,0,0.14342847734348438,True
53091,0,0,0.19681562629840624,True
50416,1,1,0.6659607897518786,True
51930,0,0,0.11962656008646486,True
50661,0,0,0.19636035192875037,True
53364,0,1,0.5131492009236011,False
54601,1,1,0.8101038828774471,True
50097,0,0,0.3004958244619517,True
52024,0,0,0.4003154470646993,True
53234,0,0,0.13879057931530933,True
52880,0,0,0.036245189644298834,True
50650,0,0,0.055116453237920096,True
54151,0,0,0.2965220758077274,True
51419,0,0,0.059357199410588785,True
53013,0,0,0.13585113513647878,True
51444,0,0,0.06991214142715475,True
50296,0,0,0.1937419937658326,True
52202,0,1,0.5725159115336913,False
51457,1,1,0.8780713039752268,True
52280,0,0,0.392975095051857,True
52118,0,0,0.08573280122508813,True
55575,0,0,0.2683318746636554,True
53797,1,1,0.6693464028699584,True
51421,0,0,0.07934572722756922,True
50512,1,1,0.6549144931758429,True
51507,0,0,0.28948908792705014,True
54057,0,0,0.20498723744375538,True
52006,1,1,0.5699876956485616,True
53693,0,0,0.23955472300594985,True
50865,0,0,0.4676425341499542,True
53811,0,0,0.2061974050769141,True
54164,0,1,0.507074803865688,False
53727,1,1,0.8330709571610736,True
50589,0,0,0.21046365154371027,True
51792,0,0,0.22643982347083622,True
52091,0,0,0.07375364731260345,True
50248,0,0,0.21762723951660848,True
55471,0,0,0.05336877078480277,True
50418,0,0,0.33775445678197147,True
53949,0,0,0.36700843209727957,True
52526,0,0,0.44649733812272496,True
50193,1,0,0.22112770776278695,False
52943,0,0,0.18810771097076334,True
50073,0,0,0.0723045192182524,True
54542,0,0,0.40382216802455184,True
53514,0,0,0.20855304334141844,True
52922,0,0,0.10277674236471496,True
52022,0,0,0.10567724391126111,True
54923,1,1,0.8587278348670289,True
50089,0,0,0.12351956794809262,True
52950,1,1,0.7363752621879693,True
50461,1,1,0.7379392348771482,True
53069,1,1,0.8765586991109237,True
55588,0,0,0.249677667840898,True
50161,0,0,0.27547442691212404,True
53755,0,0,0.15039267628115727,True
51892,0,0,0.45082666377173203,True
51124,0,1,0.5524643359117324,False
53549,0,0,0.04004116386890521,True
50471,1,0,0.39926364212402127,False
50031,0,0,0.0996405718608176,True
53188,0,0,0.1566079598566565,True
50043,0,0,0.24718264154250597,True
50307,0,0,0.09610204999677752,True
53796,0,0,0.1770872199724392,True
55075,0,0,0.08759066341443202,True
54320,0,0,0.2386528567605409,True
50775,0,0,0.06914012421892259,True
52801,0,0,0.18919098437813311,True
53447,0,0,0.28407791547522726,True
53929,0,1,0.6408249888382849,False
54995,0,0,0.14801465813644898,True
53739,0,0,0.258453554763756,True
51038,1,1,0.8941103055161679,True
53871,0,0,0.19864015571669508,True
52642,0,0,0.17905961279547283,True
53070,0,0,0.03729771846306229,True
54366,1,1,0.6431460325577266,True
53459,0,0,0.23177382020340587,True
54929,0,0,0.17555029309042708,True
54633,0,0,0.16725913193604758,True
54473,0,0,0.41244076350384185,True
52399,0,0,0.037206398554393456,True
55173,1,1,0.85398782745104,True
52007,0,0,0.08070263962664823,True
52187,0,1,0.7901683105506404,False
51406,0,0,0.13880481419872387,True
53543,0,0,0.14665507767248523,True
54209,0,0,0.3148466636785964,True
55437,0,0,0.11954359956076001,True
51243,0,0,0.313035112667186,True
50563,0,0,0.2179711568227188,True
55616,0,0,0.174958458665395,True
50493,0,0,0.09005717803549289,True
53582,0,0,0.16197937680797217,True
52475,0,0,0.13150044192258967,True
50711,0,0,0.22773231341536068,True
53052,0,0,0.36129256550857675,True
52466,0,0,0.21313468915764994,True
51964,0,1,0.7129287656354701,False
54243,0,0,0.08574204594729039,True
55485,0,0,0.24049466821408103,True
51247,0,0,0.09922071503478765,True
52974,0,0,0.05444358056638796,True
53937,1,1,0.6449251772685094,True
51039,0,0,0.1517681831359168,True
54176,0,0,0.26709885554398255,True
51765,0,0,0.2640758949202305,True
50952,0,0,0.028677544318124547,True
53893,0,0,0.12570058482892488,True
52251,0,0,0.10992253702700695,True
50479,0,1,0.5006770189506002,False
53753,0,0,0.29488861442217096,True
52891,0,1,0.6494197781272938,False
53177,0,0,0.2966605781133696,True
53671,1,1,0.8040638178710071,True
53393,0,0,0.33499371796417093,True
51585,1,1,0.8081224317319069,True
54510,0,0,0.18168120081755432,True
50382,0,0,0.17031502595246464,True
50329,1,1,0.8874226935001203,True
50896,0,0,0.2366949629427104,True
55581,0,0,0.16696257139179674,True
54468,0,0,0.17544556949224802,True
52042,0,0,0.06786187724377496,True
54363,0,0,0.49165547526171566,True
52488,0,0,0.12015474988020836,True
55064,0,0,0.27184822245408796,True
51959,0,0,0.14399457624543582,True
51315,0,0,0.2603273363686305,True
